{"initial_reset_timestamp": 8.365421301, "timestamps": [27.993986358, 52.879270602, 60.698932391, 68.361959888, 75.421138627, 84.644698302, 96.167282922, 100.612712311, 118.998898195, 130.089271727], "episode_lengths": [15, 20, 8, 8, 7, 10, 13, 5, 15, 12], "episode_rewards": [10.48357052229131, 15.602018747603239, 5.730898371182467, 6.596068693913112, 5.666530207857497, 6.799448470000639, 10.285344112016041, 3.8601908985673257, 11.910872025605977, 9.857708166767702], "episode_rewards_": [[0.7116739868390409, 0.7131368129127073, 0.7333333333333334, 0.7334191253739689, 0.7333524776396673, 0.7111111111111111, 0.688888888888889, 0.6666666666666666, 0.777196090094317, 0.796106215233778, 0.820071202156731, 0.7986473033203237, 0.7999706794205784, 0.799996629300194, 0.0], [0.865179213024727, 0.7561017978309348, 0.8477751512487108, 0.8634383493631369, 0.8424057471247103, 0.7337853498250407, 0.7149885220622899, 0.7333333333333334, 0.8439794861337283, 0.752243973282496, 0.847113191599588, 0.8633252079488352, 0.8660956506858043, 0.866569086753756, 0.8666499914076145, 0.8429541428272677, 0.7338790888978363, 0.8255528458123709, 0.8619547348231285, 0.07469388361792924], [0.8429569908025046, 0.844433010432835, 0.8444443869856005, 0.8444444441876519, 0.8207348498151686, 0.8222107886680045, 0.7116739002907018, 0.0], [0.8666666666666667, 0.8429569908025046, 0.8654281738878211, 0.8666567746612808, 0.9772148694154345, 0.9726531058792753, 0.9982680195512416, 0.20622409304888678], [0.9772149020498481, 0.9961062948355148, 0.9993346115982865, 0.889338057567509, 0.8705409406342307, 0.8673287345054418, 0.06666666666666665], [0.7999999999999999, 0.7999999999999999, 0.6894517646168187, 0.6705603718311518, 0.688888888888889, 0.688979584262457, 0.7994563999480547, 0.8183318369680782, 0.821557401262968, 0.022222222222222216], [0.7999999999999999, 0.7999999999999999, 0.9105482353831814, 0.9294396281688483, 0.9326679449316199, 0.9332196262840239, 0.8227656667532309, 0.8246232236073342, 0.8228753449983893, 0.7986448442991895, 0.8000080815269189, 0.9105515160633031, 0.0], [0.9327704576054036, 0.9516618503910704, 0.9758785618737532, 0.9776578064748763, 0.022222222222222216], [0.6894517646168187, 0.7811086072143331, 0.7967716832372284, 0.9099965540307773, 0.8187971169332783, 0.9137604415119704, 0.9299885564034523, 0.8222135149253864, 0.914344263733622, 0.9300883247522457, 0.9327787995455646, 0.9332385700333011, 0.8227689040171023, 0.6933427024286734, 0.022222222222222216], [0.9105482353831814, 0.9294396281688483, 0.9326679449316199, 0.9542076359248535, 0.9555298349157231, 0.845003979060246, 0.8261153598519148, 0.8436218625879119, 0.8650195734921028, 0.8432420500462098, 0.8204865704165195, 0.1318254919885721]], "episode_seeds": [7546513535143494223, 17483733393855201739, 8956239778003864721, 12032603049132008627, 16013140656396846390, 1165870232328000765, 11814292313227725517, 763754243250923387, 1962114447796843858, 6916720935551192974], "episode_types": ["t", "t", "t", "t", "t", "t", "t", "t", "t", "t"], "episode_speed": [[20.8544411731307, 20.146013943668194, 20.024952065064255, 20.004264014349108, 20.00072866988454, 20.000124521110198, 20.000021279192694, 20.000003636363672, 24.145559448281066, 24.85398616252376, 24.975047953082697, 24.995735988751992, 24.999271330645403, 24.99987547898037, 14.797685528612423], [25.0, 20.8544411731307, 24.29157277053749, 24.878938121396065, 24.97931194928485, 20.850905828666136, 20.145409794893848, 20.02484882314676, 24.149805198389387, 20.70915288439514, 24.266744711363618, 24.874695298194652, 24.97858690071813, 24.99634075326585, 24.99937467778554, 24.999893139790693, 20.854422911978176, 24.291569649921378, 24.878937588119484, 20.30197681572163], [25.0, 25.0, 25.0, 25.0, 25.0, 25.0, 20.8544411731307, 10.270077833395996], [25.0, 25.0, 25.0, 25.0, 29.1455588268693, 29.853986056331806, 29.975047934935745, 26.128632257513445], [29.1455588268693, 29.853986056331806, 29.975047934935745, 25.85017715878159, 25.145285273783653, 25.024827543954064, 15.42998517162431], [25.0, 25.0, 20.8544411731307, 20.146013943668194, 20.024952065064255, 20.004264014349108, 24.14628749675384, 24.854110577442004, 24.97506921412844, 14.79110929502092], [25.0, 25.0, 29.1455588268693, 29.853986056331806, 29.975047934935745, 29.995735985650892, 25.85371250324616, 25.145889422557996, 25.02493078587156, 25.00426037798543, 25.00072804847277, 29.14568324178753, 15.896754672493286], [29.1455588268693, 29.853986056331806, 29.975047934935745, 29.995735985650892, 19.829900220483204], [20.8544411731307, 24.29157277053749, 24.878938121396065, 29.124870776154147, 25.704891884997938, 29.26601655669889, 29.87457086512946, 25.83300680970199, 29.287909890010823, 29.878312178209214, 29.979204982958674, 29.996446376248787, 25.853833900641334, 21.00035134107525, 12.579753563311739], [29.1455588268693, 29.853986056331806, 29.975047934935745, 29.995735985650892, 29.99927133011546, 25.854316652020504, 25.1459926644755, 25.024948428700583, 25.00426339293734, 25.000728563692583, 25.000124502963235, 23.333355673229505]], "episode_crashed": [[false, false, false, false, false, false, false, false, false, false, false, false, false, false, true], [false, false, false, false, false, false, false, false, false, false, false, false, false, false, false, false, false, false, false, true], [false, false, false, false, false, false, false, true], [false, false, false, false, false, false, false, true], [false, false, false, false, false, false, true], [false, false, false, false, false, false, false, false, false, true], [false, false, false, false, false, false, false, false, false, false, false, false, true], [false, false, false, false, true], [false, false, false, false, false, false, false, false, false, false, false, false, false, false, true], [false, false, false, false, false, false, false, false, false, false, false, true]], "episode_action": [[4, 2, 2, 1, 2, 0, 0, 0, 3, 0, 2, 0, 0, 0, 3], [2, 4, 3, 2, 0, 4, 1, 2, 3, 4, 3, 1, 2, 2, 2, 0, 4, 3, 2, 1], [2, 1, 1, 1, 0, 1, 4, 0], [1, 0, 2, 2, 3, 0, 2, 0], [3, 3, 2, 4, 1, 2, 1], [0, 1, 4, 1, 2, 1, 3, 1, 1, 3], [0, 1, 3, 1, 1, 1, 4, 2, 1, 0, 0, 3, 3], [3, 1, 2, 3, 0], [4, 3, 1, 3, 4, 3, 0, 4, 3, 3, 3, 3, 4, 4, 2], [3, 0, 3, 2, 3, 4, 1, 2, 2, 0, 0, 2]], "episode_cost": [[0.0, 0.0, 0.0, 0.0, 0.0, 0.0, 0.0, 0.0, 0.0, 0.0, 0.0, 0.0, 0.0, 0.0, 1.0], [0.0, 0.0, 0.0, 0.0, 0.0, 0.0, 0.0, 0.0, 0.0, 0.0, 0.0, 0.0, 0.0, 0.0, 0.0, 0.0, 0.0, 0.0, 0.0, 1.0], [0.0, 0.0, 0.0, 0.0, 0.0, 0.0, 0.0, 1.0], [0.0, 0.0, 0.0, 0.0, 0.0, 0.0, 0.0, 1.0], [0.0, 0.0, 0.0, 0.0, 0.0, 0.0, 1.0], [0.0, 0.0, 0.0, 0.0, 0.0, 0.0, 0.0, 0.0, 0.0, 1.0], [0.0, 0.0, 0.0, 0.0, 0.0, 0.0, 0.0, 0.0, 0.0, 0.0, 0.0, 0.0, 1.0], [0.0, 0.0, 0.0, 0.0, 1.0], [0.0, 0.0, 0.0, 0.0, 0.0, 0.0, 0.0, 0.0, 0.0, 0.0, 0.0, 0.0, 0.0, 0.0, 1.0], [0.0, 0.0, 0.0, 0.0, 0.0, 0.0, 0.0, 0.0, 0.0, 0.0, 0.0, 1.0]]}